Animal,Environment,HasShell,BearsYoungAs,Class,WarmBlooded,BodyCovering,Probability
Monkey,Air,True,Live,Bird,True,Fur,0.0
Monkey,Air,True,Live,Bird,True,Feathers,0.0
Monkey,Air,True,Live,Bird,True,Scales,0.0
Monkey,Air,True,Live,Bird,False,Fur,0.0
Monkey,Air,True,Live,Bird,False,Feathers,0.0
Monkey,Air,True,Live,Bird,False,Scales,0.0
Monkey,Air,True,Live,Mammal,True,Fur,0.0
Monkey,Air,True,Live,Mammal,True,Feathers,0.0
Monkey,Air,True,Live,Mammal,True,Scales,0.0
Monkey,Air,True,Live,Mammal,False,Fur,0.0
Monkey,Air,True,Live,Mammal,False,Feathers,0.0
Monkey,Air,True,Live,Mammal,False,Scales,0.0
Monkey,Air,True,Live,Reptile,True,Fur,0.0
Monkey,Air,True,Live,Reptile,True,Feathers,0.0
Monkey,Air,True,Live,Reptile,True,Scales,0.0
Monkey,Air,True,Live,Reptile,False,Fur,0.0
Monkey,Air,True,Live,Reptile,False,Feathers,0.0
Monkey,Air,True,Live,Reptile,False,Scales,0.0
Monkey,Air,True,Eggs,Bird,True,Fur,0.0
Monkey,Air,True,Eggs,Bird,True,Feathers,0.0
Monkey,Air,True,Eggs,Bird,True,Scales,0.0
Monkey,Air,True,Eggs,Bird,False,Fur,0.0
Monkey,Air,True,Eggs,Bird,False,Feathers,0.0
Monkey,Air,True,Eggs,Bird,False,Scales,0.0
Monkey,Air,True,Eggs,Mammal,True,Fur,0.0
Monkey,Air,True,Eggs,Mammal,True,Feathers,0.0
Monkey,Air,True,Eggs,Mammal,True,Scales,0.0
Monkey,Air,True,Eggs,Mammal,False,Fur,0.0
Monkey,Air,True,Eggs,Mammal,False,Feathers,0.0
Monkey,Air,True,Eggs,Mammal,False,Scales,0.0
Monkey,Air,True,Eggs,Reptile,True,Fur,0.0
Monkey,Air,True,Eggs,Reptile,True,Feathers,0.0
Monkey,Air,True,Eggs,Reptile,True,Scales,0.0
Monkey,Air,True,Eggs,Reptile,False,Fur,0.0
Monkey,Air,True,Eggs,Reptile,False,Feathers,0.0
Monkey,Air,True,Eggs,Reptile,False,Scales,0.0
Monkey,Air,False,Live,Bird,True,Fur,0.0
Monkey,Air,False,Live,Bird,True,Feathers,0.0
Monkey,Air,False,Live,Bird,True,Scales,0.0
Monkey,Air,False,Live,Bird,False,Fur,0.0
Monkey,Air,False,Live,Bird,False,Feathers,0.0
Monkey,Air,False,Live,Bird,False,Scales,0.0
Monkey,Air,False,Live,Mammal,True,Fur,0.0
Monkey,Air,False,Live,Mammal,True,Feathers,0.0
Monkey,Air,False,Live,Mammal,True,Scales,0.0
Monkey,Air,False,Live,Mammal,False,Fur,0.0
Monkey,Air,False,Live,Mammal,False,Feathers,0.0
Monkey,Air,False,Live,Mammal,False,Scales,0.0
Monkey,Air,False,Live,Reptile,True,Fur,0.0
Monkey,Air,False,Live,Reptile,True,Feathers,0.0
Monkey,Air,False,Live,Reptile,True,Scales,0.0
Monkey,Air,False,Live,Reptile,False,Fur,0.0
Monkey,Air,False,Live,Reptile,False,Feathers,0.0
Monkey,Air,False,Live,Reptile,False,Scales,0.0
Monkey,Air,False,Eggs,Bird,True,Fur,0.0
Monkey,Air,False,Eggs,Bird,True,Feathers,0.0
Monkey,Air,False,Eggs,Bird,True,Scales,0.0
Monkey,Air,False,Eggs,Bird,False,Fur,0.0
Monkey,Air,False,Eggs,Bird,False,Feathers,0.0
Monkey,Air,False,Eggs,Bird,False,Scales,0.0
Monkey,Air,False,Eggs,Mammal,True,Fur,0.0
Monkey,Air,False,Eggs,Mammal,True,Feathers,0.0
Monkey,Air,False,Eggs,Mammal,True,Scales,0.0
Monkey,Air,False,Eggs,Mammal,False,Fur,0.0
Monkey,Air,False,Eggs,Mammal,False,Feathers,0.0
Monkey,Air,False,Eggs,Mammal,False,Scales,0.0
Monkey,Air,False,Eggs,Reptile,True,Fur,0.0
Monkey,Air,False,Eggs,Reptile,True,Feathers,0.0
Monkey,Air,False,Eggs,Reptile,True,Scales,0.0
Monkey,Air,False,Eggs,Reptile,False,Fur,0.0
Monkey,Air,False,Eggs,Reptile,False,Feathers,0.0
Monkey,Air,False,Eggs,Reptile,False,Scales,0.0
Monkey,Land,True,Live,Bird,True,Fur,0.0
Monkey,Land,True,Live,Bird,True,Feathers,0.0
Monkey,Land,True,Live,Bird,True,Scales,0.0
Monkey,Land,True,Live,Bird,False,Fur,0.0
Monkey,Land,True,Live,Bird,False,Feathers,0.0
Monkey,Land,True,Live,Bird,False,Scales,0.0
Monkey,Land,True,Live,Mammal,True,Fur,0.0
Monkey,Land,True,Live,Mammal,True,Feathers,0.0
Monkey,Land,True,Live,Mammal,True,Scales,0.0
Monkey,Land,True,Live,Mammal,False,Fur,0.0
Monkey,Land,True,Live,Mammal,False,Feathers,0.0
Monkey,Land,True,Live,Mammal,False,Scales,0.0
Monkey,Land,True,Live,Reptile,True,Fur,0.0
Monkey,Land,True,Live,Reptile,True,Feathers,0.0
Monkey,Land,True,Live,Reptile,True,Scales,0.0
Monkey,Land,True,Live,Reptile,False,Fur,0.0
Monkey,Land,True,Live,Reptile,False,Feathers,0.0
Monkey,Land,True,Live,Reptile,False,Scales,0.0
Monkey,Land,True,Eggs,Bird,True,Fur,0.0
Monkey,Land,True,Eggs,Bird,True,Feathers,0.0
Monkey,Land,True,Eggs,Bird,True,Scales,0.0
Monkey,Land,True,Eggs,Bird,False,Fur,0.0
Monkey,Land,True,Eggs,Bird,False,Feathers,0.0
Monkey,Land,True,Eggs,Bird,False,Scales,0.0
Monkey,Land,True,Eggs,Mammal,True,Fur,0.0
Monkey,Land,True,Eggs,Mammal,True,Feathers,0.0
Monkey,Land,True,Eggs,Mammal,True,Scales,0.0
Monkey,Land,True,Eggs,Mammal,False,Fur,0.0
Monkey,Land,True,Eggs,Mammal,False,Feathers,0.0
Monkey,Land,True,Eggs,Mammal,False,Scales,0.0
Monkey,Land,True,Eggs,Reptile,True,Fur,0.0
Monkey,Land,True,Eggs,Reptile,True,Feathers,0.0
Monkey,Land,True,Eggs,Reptile,True,Scales,0.0
Monkey,Land,True,Eggs,Reptile,False,Fur,0.0
Monkey,Land,True,Eggs,Reptile,False,Feathers,0.0
Monkey,Land,True,Eggs,Reptile,False,Scales,0.0
Monkey,Land,False,Live,Bird,True,Fur,0.0
Monkey,Land,False,Live,Bird,True,Feathers,0.0
Monkey,Land,False,Live,Bird,True,Scales,0.0
Monkey,Land,False,Live,Bird,False,Fur,0.0
Monkey,Land,False,Live,Bird,False,Feathers,0.0
Monkey,Land,False,Live,Bird,False,Scales,0.0
Monkey,Land,False,Live,Mammal,True,Fur,0.2
Monkey,Land,False,Live,Mammal,True,Feathers,0.0
Monkey,Land,False,Live,Mammal,True,Scales,0.0
Monkey,Land,False,Live,Mammal,False,Fur,0.0
Monkey,Land,False,Live,Mammal,False,Feathers,0.0
Monkey,Land,False,Live,Mammal,False,Scales,0.0
Monkey,Land,False,Live,Reptile,True,Fur,0.0
Monkey,Land,False,Live,Reptile,True,Feathers,0.0
Monkey,Land,False,Live,Reptile,True,Scales,0.0
Monkey,Land,False,Live,Reptile,False,Fur,0.0
Monkey,Land,False,Live,Reptile,False,Feathers,0.0
Monkey,Land,False,Live,Reptile,False,Scales,0.0
Monkey,Land,False,Eggs,Bird,True,Fur,0.0
Monkey,Land,False,Eggs,Bird,True,Feathers,0.0
Monkey,Land,False,Eggs,Bird,True,Scales,0.0
Monkey,Land,False,Eggs,Bird,False,Fur,0.0
Monkey,Land,False,Eggs,Bird,False,Feathers,0.0
Monkey,Land,False,Eggs,Bird,False,Scales,0.0
Monkey,Land,False,Eggs,Mammal,True,Fur,0.0
Monkey,Land,False,Eggs,Mammal,True,Feathers,0.0
Monkey,Land,False,Eggs,Mammal,True,Scales,0.0
Monkey,Land,False,Eggs,Mammal,False,Fur,0.0
Monkey,Land,False,Eggs,Mammal,False,Feathers,0.0
Monkey,Land,False,Eggs,Mammal,False,Scales,0.0
Monkey,Land,False,Eggs,Reptile,True,Fur,0.0
Monkey,Land,False,Eggs,Reptile,True,Feathers,0.0
Monkey,Land,False,Eggs,Reptile,True,Scales,0.0
Monkey,Land,False,Eggs,Reptile,False,Fur,0.0
Monkey,Land,False,Eggs,Reptile,False,Feathers,0.0
Monkey,Land,False,Eggs,Reptile,False,Scales,0.0
Monkey,Water,True,Live,Bird,True,Fur,0.0
Monkey,Water,True,Live,Bird,True,Feathers,0.0
Monkey,Water,True,Live,Bird,True,Scales,0.0
Monkey,Water,True,Live,Bird,False,Fur,0.0
Monkey,Water,True,Live,Bird,False,Feathers,0.0
Monkey,Water,True,Live,Bird,False,Scales,0.0
Monkey,Water,True,Live,Mammal,True,Fur,0.0
Monkey,Water,True,Live,Mammal,True,Feathers,0.0
Monkey,Water,True,Live,Mammal,True,Scales,0.0
Monkey,Water,True,Live,Mammal,False,Fur,0.0
Monkey,Water,True,Live,Mammal,False,Feathers,0.0
Monkey,Water,True,Live,Mammal,False,Scales,0.0
Monkey,Water,True,Live,Reptile,True,Fur,0.0
Monkey,Water,True,Live,Reptile,True,Feathers,0.0
Monkey,Water,True,Live,Reptile,True,Scales,0.0
Monkey,Water,True,Live,Reptile,False,Fur,0.0
Monkey,Water,True,Live,Reptile,False,Feathers,0.0
Monkey,Water,True,Live,Reptile,False,Scales,0.0
Monkey,Water,True,Eggs,Bird,True,Fur,0.0
Monkey,Water,True,Eggs,Bird,True,Feathers,0.0
Monkey,Water,True,Eggs,Bird,True,Scales,0.0
Monkey,Water,True,Eggs,Bird,False,Fur,0.0
Monkey,Water,True,Eggs,Bird,False,Feathers,0.0
Monkey,Water,True,Eggs,Bird,False,Scales,0.0
Monkey,Water,True,Eggs,Mammal,True,Fur,0.0
Monkey,Water,True,Eggs,Mammal,True,Feathers,0.0
Monkey,Water,True,Eggs,Mammal,True,Scales,0.0
Monkey,Water,True,Eggs,Mammal,False,Fur,0.0
Monkey,Water,True,Eggs,Mammal,False,Feathers,0.0
Monkey,Water,True,Eggs,Mammal,False,Scales,0.0
Monkey,Water,True,Eggs,Reptile,True,Fur,0.0
Monkey,Water,True,Eggs,Reptile,True,Feathers,0.0
Monkey,Water,True,Eggs,Reptile,True,Scales,0.0
Monkey,Water,True,Eggs,Reptile,False,Fur,0.0
Monkey,Water,True,Eggs,Reptile,False,Feathers,0.0
Monkey,Water,True,Eggs,Reptile,False,Scales,0.0
Monkey,Water,False,Live,Bird,True,Fur,0.0
Monkey,Water,False,Live,Bird,True,Feathers,0.0
Monkey,Water,False,Live,Bird,True,Scales,0.0
Monkey,Water,False,Live,Bird,False,Fur,0.0
Monkey,Water,False,Live,Bird,False,Feathers,0.0
Monkey,Water,False,Live,Bird,False,Scales,0.0
Monkey,Water,False,Live,Mammal,True,Fur,0.0
Monkey,Water,False,Live,Mammal,True,Feathers,0.0
Monkey,Water,False,Live,Mammal,True,Scales,0.0
Monkey,Water,False,Live,Mammal,False,Fur,0.0
Monkey,Water,False,Live,Mammal,False,Feathers,0.0
Monkey,Water,False,Live,Mammal,False,Scales,0.0
Monkey,Water,False,Live,Reptile,True,Fur,0.0
Monkey,Water,False,Live,Reptile,True,Feathers,0.0
Monkey,Water,False,Live,Reptile,True,Scales,0.0
Monkey,Water,False,Live,Reptile,False,Fur,0.0
Monkey,Water,False,Live,Reptile,False,Feathers,0.0
Monkey,Water,False,Live,Reptile,False,Scales,0.0
Monkey,Water,False,Eggs,Bird,True,Fur,0.0
Monkey,Water,False,Eggs,Bird,True,Feathers,0.0
Monkey,Water,False,Eggs,Bird,True,Scales,0.0
Monkey,Water,False,Eggs,Bird,False,Fur,0.0
Monkey,Water,False,Eggs,Bird,False,Feathers,0.0
Monkey,Water,False,Eggs,Bird,False,Scales,0.0
Monkey,Water,False,Eggs,Mammal,True,Fur,0.0
Monkey,Water,False,Eggs,Mammal,True,Feathers,0.0
Monkey,Water,False,Eggs,Mammal,True,Scales,0.0
Monkey,Water,False,Eggs,Mammal,False,Fur,0.0
Monkey,Water,False,Eggs,Mammal,False,Feathers,0.0
Monkey,Water,False,Eggs,Mammal,False,Scales,0.0
Monkey,Water,False,Eggs,Reptile,True,Fur,0.0
Monkey,Water,False,Eggs,Reptile,True,Feathers,0.0
Monkey,Water,False,Eggs,Reptile,True,Scales,0.0
Monkey,Water,False,Eggs,Reptile,False,Fur,0.0
Monkey,Water,False,Eggs,Reptile,False,Feathers,0.0
Monkey,Water,False,Eggs,Reptile,False,Scales,0.0
Penguin,Air,True,Live,Bird,True,Fur,0.0
Penguin,Air,True,Live,Bird,True,Feathers,0.0
Penguin,Air,True,Live,Bird,True,Scales,0.0
Penguin,Air,True,Live,Bird,False,Fur,0.0
Penguin,Air,True,Live,Bird,False,Feathers,0.0
Penguin,Air,True,Live,Bird,False,Scales,0.0
Penguin,Air,True,Live,Mammal,True,Fur,0.0
Penguin,Air,True,Live,Mammal,True,Feathers,0.0
Penguin,Air,True,Live,Mammal,True,Scales,0.0
Penguin,Air,True,Live,Mammal,False,Fur,0.0
Penguin,Air,True,Live,Mammal,False,Feathers,0.0
Penguin,Air,True,Live,Mammal,False,Scales,0.0
Penguin,Air,True,Live,Reptile,True,Fur,0.0
Penguin,Air,True,Live,Reptile,True,Feathers,0.0
Penguin,Air,True,Live,Reptile,True,Scales,0.0
Penguin,Air,True,Live,Reptile,False,Fur,0.0
Penguin,Air,True,Live,Reptile,False,Feathers,0.0
Penguin,Air,True,Live,Reptile,False,Scales,0.0
Penguin,Air,True,Eggs,Bird,True,Fur,0.0
Penguin,Air,True,Eggs,Bird,True,Feathers,0.0
Penguin,Air,True,Eggs,Bird,True,Scales,0.0
Penguin,Air,True,Eggs,Bird,False,Fur,0.0
Penguin,Air,True,Eggs,Bird,False,Feathers,0.0
Penguin,Air,True,Eggs,Bird,False,Scales,0.0
Penguin,Air,True,Eggs,Mammal,True,Fur,0.0
Penguin,Air,True,Eggs,Mammal,True,Feathers,0.0
Penguin,Air,True,Eggs,Mammal,True,Scales,0.0
Penguin,Air,True,Eggs,Mammal,False,Fur,0.0
Penguin,Air,True,Eggs,Mammal,False,Feathers,0.0
Penguin,Air,True,Eggs,Mammal,False,Scales,0.0
Penguin,Air,True,Eggs,Reptile,True,Fur,0.0
Penguin,Air,True,Eggs,Reptile,True,Feathers,0.0
Penguin,Air,True,Eggs,Reptile,True,Scales,0.0
Penguin,Air,True,Eggs,Reptile,False,Fur,0.0
Penguin,Air,True,Eggs,Reptile,False,Feathers,0.0
Penguin,Air,True,Eggs,Reptile,False,Scales,0.0
Penguin,Air,False,Live,Bird,True,Fur,0.0
Penguin,Air,False,Live,Bird,True,Feathers,0.0
Penguin,Air,False,Live,Bird,True,Scales,0.0
Penguin,Air,False,Live,Bird,False,Fur,0.0
Penguin,Air,False,Live,Bird,False,Feathers,0.0
Penguin,Air,False,Live,Bird,False,Scales,0.0
Penguin,Air,False,Live,Mammal,True,Fur,0.0
Penguin,Air,False,Live,Mammal,True,Feathers,0.0
Penguin,Air,False,Live,Mammal,True,Scales,0.0
Penguin,Air,False,Live,Mammal,False,Fur,0.0
Penguin,Air,False,Live,Mammal,False,Feathers,0.0
Penguin,Air,False,Live,Mammal,False,Scales,0.0
Penguin,Air,False,Live,Reptile,True,Fur,0.0
Penguin,Air,False,Live,Reptile,True,Feathers,0.0
Penguin,Air,False,Live,Reptile,True,Scales,0.0
Penguin,Air,False,Live,Reptile,False,Fur,0.0
Penguin,Air,False,Live,Reptile,False,Feathers,0.0
Penguin,Air,False,Live,Reptile,False,Scales,0.0
Penguin,Air,False,Eggs,Bird,True,Fur,0.0
Penguin,Air,False,Eggs,Bird,True,Feathers,0.0
Penguin,Air,False,Eggs,Bird,True,Scales,0.0
Penguin,Air,False,Eggs,Bird,False,Fur,0.0
Penguin,Air,False,Eggs,Bird,False,Feathers,0.0
Penguin,Air,False,Eggs,Bird,False,Scales,0.0
Penguin,Air,False,Eggs,Mammal,True,Fur,0.0
Penguin,Air,False,Eggs,Mammal,True,Feathers,0.0
Penguin,Air,False,Eggs,Mammal,True,Scales,0.0
Penguin,Air,False,Eggs,Mammal,False,Fur,0.0
Penguin,Air,False,Eggs,Mammal,False,Feathers,0.0
Penguin,Air,False,Eggs,Mammal,False,Scales,0.0
Penguin,Air,False,Eggs,Reptile,True,Fur,0.0
Penguin,Air,False,Eggs,Reptile,True,Feathers,0.0
Penguin,Air,False,Eggs,Reptile,True,Scales,0.0
Penguin,Air,False,Eggs,Reptile,False,Fur,0.0
Penguin,Air,False,Eggs,Reptile,False,Feathers,0.0
Penguin,Air,False,Eggs,Reptile,False,Scales,0.0
Penguin,Land,True,Live,Bird,True,Fur,0.0
Penguin,Land,True,Live,Bird,True,Feathers,0.0
Penguin,Land,True,Live,Bird,True,Scales,0.0
Penguin,Land,True,Live,Bird,False,Fur,0.0
Penguin,Land,True,Live,Bird,False,Feathers,0.0
Penguin,Land,True,Live,Bird,False,Scales,0.0
Penguin,Land,True,Live,Mammal,True,Fur,0.0
Penguin,Land,True,Live,Mammal,True,Feathers,0.0
Penguin,Land,True,Live,Mammal,True,Scales,0.0
Penguin,Land,True,Live,Mammal,False,Fur,0.0
Penguin,Land,True,Live,Mammal,False,Feathers,0.0
Penguin,Land,True,Live,Mammal,False,Scales,0.0
Penguin,Land,True,Live,Reptile,True,Fur,0.0
Penguin,Land,True,Live,Reptile,True,Feathers,0.0
Penguin,Land,True,Live,Reptile,True,Scales,0.0
Penguin,Land,True,Live,Reptile,False,Fur,0.0
Penguin,Land,True,Live,Reptile,False,Feathers,0.0
Penguin,Land,True,Live,Reptile,False,Scales,0.0
Penguin,Land,True,Eggs,Bird,True,Fur,0.0
Penguin,Land,True,Eggs,Bird,True,Feathers,0.0
Penguin,Land,True,Eggs,Bird,True,Scales,0.0
Penguin,Land,True,Eggs,Bird,False,Fur,0.0
Penguin,Land,True,Eggs,Bird,False,Feathers,0.0
Penguin,Land,True,Eggs,Bird,False,Scales,0.0
Penguin,Land,True,Eggs,Mammal,True,Fur,0.0
Penguin,Land,True,Eggs,Mammal,True,Feathers,0.0
Penguin,Land,True,Eggs,Mammal,True,Scales,0.0
Penguin,Land,True,Eggs,Mammal,False,Fur,0.0
Penguin,Land,True,Eggs,Mammal,False,Feathers,0.0
Penguin,Land,True,Eggs,Mammal,False,Scales,0.0
Penguin,Land,True,Eggs,Reptile,True,Fur,0.0
Penguin,Land,True,Eggs,Reptile,True,Feathers,0.0
Penguin,Land,True,Eggs,Reptile,True,Scales,0.0
Penguin,Land,True,Eggs,Reptile,False,Fur,0.0
Penguin,Land,True,Eggs,Reptile,False,Feathers,0.0
Penguin,Land,True,Eggs,Reptile,False,Scales,0.0
Penguin,Land,False,Live,Bird,True,Fur,0.0
Penguin,Land,False,Live,Bird,True,Feathers,0.0
Penguin,Land,False,Live,Bird,True,Scales,0.0
Penguin,Land,False,Live,Bird,False,Fur,0.0
Penguin,Land,False,Live,Bird,False,Feathers,0.0
Penguin,Land,False,Live,Bird,False,Scales,0.0
Penguin,Land,False,Live,Mammal,True,Fur,0.0
Penguin,Land,False,Live,Mammal,True,Feathers,0.0
Penguin,Land,False,Live,Mammal,True,Scales,0.0
Penguin,Land,False,Live,Mammal,False,Fur,0.0
Penguin,Land,False,Live,Mammal,False,Feathers,0.0
Penguin,Land,False,Live,Mammal,False,Scales,0.0
Penguin,Land,False,Live,Reptile,True,Fur,0.0
Penguin,Land,False,Live,Reptile,True,Feathers,0.0
Penguin,Land,False,Live,Reptile,True,Scales,0.0
Penguin,Land,False,Live,Reptile,False,Fur,0.0
Penguin,Land,False,Live,Reptile,False,Feathers,0.0
Penguin,Land,False,Live,Reptile,False,Scales,0.0
Penguin,Land,False,Eggs,Bird,True,Fur,0.0
Penguin,Land,False,Eggs,Bird,True,Feathers,0.1
Penguin,Land,False,Eggs,Bird,True,Scales,0.0
Penguin,Land,False,Eggs,Bird,False,Fur,0.0
Penguin,Land,False,Eggs,Bird,False,Feathers,0.0
Penguin,Land,False,Eggs,Bird,False,Scales,0.0
Penguin,Land,False,Eggs,Mammal,True,Fur,0.0
Penguin,Land,False,Eggs,Mammal,True,Feathers,0.0
Penguin,Land,False,Eggs,Mammal,True,Scales,0.0
Penguin,Land,False,Eggs,Mammal,False,Fur,0.0
Penguin,Land,False,Eggs,Mammal,False,Feathers,0.0
Penguin,Land,False,Eggs,Mammal,False,Scales,0.0
Penguin,Land,False,Eggs,Reptile,True,Fur,0.0
Penguin,Land,False,Eggs,Reptile,True,Feathers,0.0
Penguin,Land,False,Eggs,Reptile,True,Scales,0.0
Penguin,Land,False,Eggs,Reptile,False,Fur,0.0
Penguin,Land,False,Eggs,Reptile,False,Feathers,0.0
Penguin,Land,False,Eggs,Reptile,False,Scales,0.0
Penguin,Water,True,Live,Bird,True,Fur,0.0
Penguin,Water,True,Live,Bird,True,Feathers,0.0
Penguin,Water,True,Live,Bird,True,Scales,0.0
Penguin,Water,True,Live,Bird,False,Fur,0.0
Penguin,Water,True,Live,Bird,False,Feathers,0.0
Penguin,Water,True,Live,Bird,False,Scales,0.0
Penguin,Water,True,Live,Mammal,True,Fur,0.0
Penguin,Water,True,Live,Mammal,True,Feathers,0.0
Penguin,Water,True,Live,Mammal,True,Scales,0.0
Penguin,Water,True,Live,Mammal,False,Fur,0.0
Penguin,Water,True,Live,Mammal,False,Feathers,0.0
Penguin,Water,True,Live,Mammal,False,Scales,0.0
Penguin,Water,True,Live,Reptile,True,Fur,0.0
Penguin,Water,True,Live,Reptile,True,Feathers,0.0
Penguin,Water,True,Live,Reptile,True,Scales,0.0
Penguin,Water,True,Live,Reptile,False,Fur,0.0
Penguin,Water,True,Live,Reptile,False,Feathers,0.0
Penguin,Water,True,Live,Reptile,False,Scales,0.0
Penguin,Water,True,Eggs,Bird,True,Fur,0.0
Penguin,Water,True,Eggs,Bird,True,Feathers,0.0
Penguin,Water,True,Eggs,Bird,True,Scales,0.0
Penguin,Water,True,Eggs,Bird,False,Fur,0.0
Penguin,Water,True,Eggs,Bird,False,Feathers,0.0
Penguin,Water,True,Eggs,Bird,False,Scales,0.0
Penguin,Water,True,Eggs,Mammal,True,Fur,0.0
Penguin,Water,True,Eggs,Mammal,True,Feathers,0.0
Penguin,Water,True,Eggs,Mammal,True,Scales,0.0
Penguin,Water,True,Eggs,Mammal,False,Fur,0.0
Penguin,Water,True,Eggs,Mammal,False,Feathers,0.0
Penguin,Water,True,Eggs,Mammal,False,Scales,0.0
Penguin,Water,True,Eggs,Reptile,True,Fur,0.0
Penguin,Water,True,Eggs,Reptile,True,Feathers,0.0
Penguin,Water,True,Eggs,Reptile,True,Scales,0.0
Penguin,Water,True,Eggs,Reptile,False,Fur,0.0
Penguin,Water,True,Eggs,Reptile,False,Feathers,0.0
Penguin,Water,True,Eggs,Reptile,False,Scales,0.0
Penguin,Water,False,Live,Bird,True,Fur,0.0
Penguin,Water,False,Live,Bird,True,Feathers,0.0
Penguin,Water,False,Live,Bird,True,Scales,0.0
Penguin,Water,False,Live,Bird,False,Fur,0.0
Penguin,Water,False,Live,Bird,False,Feathers,0.0
Penguin,Water,False,Live,Bird,False,Scales,0.0
Penguin,Water,False,Live,Mammal,True,Fur,0.0
Penguin,Water,False,Live,Mammal,True,Feathers,0.0
Penguin,Water,False,Live,Mammal,True,Scales,0.0
Penguin,Water,False,Live,Mammal,False,Fur,0.0
Penguin,Water,False,Live,Mammal,False,Feathers,0.0
Penguin,Water,False,Live,Mammal,False,Scales,0.0
Penguin,Water,False,Live,Reptile,True,Fur,0.0
Penguin,Water,False,Live,Reptile,True,Feathers,0.0
Penguin,Water,False,Live,Reptile,True,Scales,0.0
Penguin,Water,False,Live,Reptile,False,Fur,0.0
Penguin,Water,False,Live,Reptile,False,Feathers,0.0
Penguin,Water,False,Live,Reptile,False,Scales,0.0
Penguin,Water,False,Eggs,Bird,True,Fur,0.0
Penguin,Water,False,Eggs,Bird,True,Feathers,0.1
Penguin,Water,False,Eggs,Bird,True,Scales,0.0
Penguin,Water,False,Eggs,Bird,False,Fur,0.0
Penguin,Water,False,Eggs,Bird,False,Feathers,0.0
Penguin,Water,False,Eggs,Bird,False,Scales,0.0
Penguin,Water,False,Eggs,Mammal,True,Fur,0.0
Penguin,Water,False,Eggs,Mammal,True,Feathers,0.0
Penguin,Water,False,Eggs,Mammal,True,Scales,0.0
Penguin,Water,False,Eggs,Mammal,False,Fur,0.0
Penguin,Water,False,Eggs,Mammal,False,Feathers,0.0
Penguin,Water,False,Eggs,Mammal,False,Scales,0.0
Penguin,Water,False,Eggs,Reptile,True,Fur,0.0
Penguin,Water,False,Eggs,Reptile,True,Feathers,0.0
Penguin,Water,False,Eggs,Reptile,True,Scales,0.0
Penguin,Water,False,Eggs,Reptile,False,Fur,0.0
Penguin,Water,False,Eggs,Reptile,False,Feathers,0.0
Penguin,Water,False,Eggs,Reptile,False,Scales,0.0
Platypus,Air,True,Live,Bird,True,Fur,0.0
Platypus,Air,True,Live,Bird,True,Feathers,0.0
Platypus,Air,True,Live,Bird,True,Scales,0.0
Platypus,Air,True,Live,Bird,False,Fur,0.0
Platypus,Air,True,Live,Bird,False,Feathers,0.0
Platypus,Air,True,Live,Bird,False,Scales,0.0
Platypus,Air,True,Live,Mammal,True,Fur,0.0
Platypus,Air,True,Live,Mammal,True,Feathers,0.0
Platypus,Air,True,Live,Mammal,True,Scales,0.0
Platypus,Air,True,Live,Mammal,False,Fur,0.0
Platypus,Air,True,Live,Mammal,False,Feathers,0.0
Platypus,Air,True,Live,Mammal,False,Scales,0.0
Platypus,Air,True,Live,Reptile,True,Fur,0.0
Platypus,Air,True,Live,Reptile,True,Feathers,0.0
Platypus,Air,True,Live,Reptile,True,Scales,0.0
Platypus,Air,True,Live,Reptile,False,Fur,0.0
Platypus,Air,True,Live,Reptile,False,Feathers,0.0
Platypus,Air,True,Live,Reptile,False,Scales,0.0
Platypus,Air,True,Eggs,Bird,True,Fur,0.0
Platypus,Air,True,Eggs,Bird,True,Feathers,0.0
Platypus,Air,True,Eggs,Bird,True,Scales,0.0
Platypus,Air,True,Eggs,Bird,False,Fur,0.0
Platypus,Air,True,Eggs,Bird,False,Feathers,0.0
Platypus,Air,True,Eggs,Bird,False,Scales,0.0
Platypus,Air,True,Eggs,Mammal,True,Fur,0.0
Platypus,Air,True,Eggs,Mammal,True,Feathers,0.0
Platypus,Air,True,Eggs,Mammal,True,Scales,0.0
Platypus,Air,True,Eggs,Mammal,False,Fur,0.0
Platypus,Air,True,Eggs,Mammal,False,Feathers,0.0
Platypus,Air,True,Eggs,Mammal,False,Scales,0.0
Platypus,Air,True,Eggs,Reptile,True,Fur,0.0
Platypus,Air,True,Eggs,Reptile,True,Feathers,0.0
Platypus,Air,True,Eggs,Reptile,True,Scales,0.0
Platypus,Air,True,Eggs,Reptile,False,Fur,0.0
Platypus,Air,True,Eggs,Reptile,False,Feathers,0.0
Platypus,Air,True,Eggs,Reptile,False,Scales,0.0
Platypus,Air,False,Live,Bird,True,Fur,0.0
Platypus,Air,False,Live,Bird,True,Feathers,0.0
Platypus,Air,False,Live,Bird,True,Scales,0.0
Platypus,Air,False,Live,Bird,False,Fur,0.0
Platypus,Air,False,Live,Bird,False,Feathers,0.0
Platypus,Air,False,Live,Bird,False,Scales,0.0
Platypus,Air,False,Live,Mammal,True,Fur,0.0
Platypus,Air,False,Live,Mammal,True,Feathers,0.0
Platypus,Air,False,Live,Mammal,True,Scales,0.0
Platypus,Air,False,Live,Mammal,False,Fur,0.0
Platypus,Air,False,Live,Mammal,False,Feathers,0.0
Platypus,Air,False,Live,Mammal,False,Scales,0.0
Platypus,Air,False,Live,Reptile,True,Fur,0.0
Platypus,Air,False,Live,Reptile,True,Feathers,0.0
Platypus,Air,False,Live,Reptile,True,Scales,0.0
Platypus,Air,False,Live,Reptile,False,Fur,0.0
Platypus,Air,False,Live,Reptile,False,Feathers,0.0
Platypus,Air,False,Live,Reptile,False,Scales,0.0
Platypus,Air,False,Eggs,Bird,True,Fur,0.0
Platypus,Air,False,Eggs,Bird,True,Feathers,0.0
Platypus,Air,False,Eggs,Bird,True,Scales,0.0
Platypus,Air,False,Eggs,Bird,False,Fur,0.0
Platypus,Air,False,Eggs,Bird,False,Feathers,0.0
Platypus,Air,False,Eggs,Bird,False,Scales,0.0
Platypus,Air,False,Eggs,Mammal,True,Fur,0.0
Platypus,Air,False,Eggs,Mammal,True,Feathers,0.0
Platypus,Air,False,Eggs,Mammal,True,Scales,0.0
Platypus,Air,False,Eggs,Mammal,False,Fur,0.0
Platypus,Air,False,Eggs,Mammal,False,Feathers,0.0
Platypus,Air,False,Eggs,Mammal,False,Scales,0.0
Platypus,Air,False,Eggs,Reptile,True,Fur,0.0
Platypus,Air,False,Eggs,Reptile,True,Feathers,0.0
Platypus,Air,False,Eggs,Reptile,True,Scales,0.0
Platypus,Air,False,Eggs,Reptile,False,Fur,0.0
Platypus,Air,False,Eggs,Reptile,False,Feathers,0.0
Platypus,Air,False,Eggs,Reptile,False,Scales,0.0
Platypus,Land,True,Live,Bird,True,Fur,0.0
Platypus,Land,True,Live,Bird,True,Feathers,0.0
Platypus,Land,True,Live,Bird,True,Scales,0.0
Platypus,Land,True,Live,Bird,False,Fur,0.0
Platypus,Land,True,Live,Bird,False,Feathers,0.0
Platypus,Land,True,Live,Bird,False,Scales,0.0
Platypus,Land,True,Live,Mammal,True,Fur,0.0
Platypus,Land,True,Live,Mammal,True,Feathers,0.0
Platypus,Land,True,Live,Mammal,True,Scales,0.0
Platypus,Land,True,Live,Mammal,False,Fur,0.0
Platypus,Land,True,Live,Mammal,False,Feathers,0.0
Platypus,Land,True,Live,Mammal,False,Scales,0.0
Platypus,Land,True,Live,Reptile,True,Fur,0.0
Platypus,Land,True,Live,Reptile,True,Feathers,0.0
Platypus,Land,True,Live,Reptile,True,Scales,0.0
Platypus,Land,True,Live,Reptile,False,Fur,0.0
Platypus,Land,True,Live,Reptile,False,Feathers,0.0
Platypus,Land,True,Live,Reptile,False,Scales,0.0
Platypus,Land,True,Eggs,Bird,True,Fur,0.0
Platypus,Land,True,Eggs,Bird,True,Feathers,0.0
Platypus,Land,True,Eggs,Bird,True,Scales,0.0
Platypus,Land,True,Eggs,Bird,False,Fur,0.0
Platypus,Land,True,Eggs,Bird,False,Feathers,0.0
Platypus,Land,True,Eggs,Bird,False,Scales,0.0
Platypus,Land,True,Eggs,Mammal,True,Fur,0.0
Platypus,Land,True,Eggs,Mammal,True,Feathers,0.0
Platypus,Land,True,Eggs,Mammal,True,Scales,0.0
Platypus,Land,True,Eggs,Mammal,False,Fur,0.0
Platypus,Land,True,Eggs,Mammal,False,Feathers,0.0
Platypus,Land,True,Eggs,Mammal,False,Scales,0.0
Platypus,Land,True,Eggs,Reptile,True,Fur,0.0
Platypus,Land,True,Eggs,Reptile,True,Feathers,0.0
Platypus,Land,True,Eggs,Reptile,True,Scales,0.0
Platypus,Land,True,Eggs,Reptile,False,Fur,0.0
Platypus,Land,True,Eggs,Reptile,False,Feathers,0.0
Platypus,Land,True,Eggs,Reptile,False,Scales,0.0
Platypus,Land,False,Live,Bird,True,Fur,0.0
Platypus,Land,False,Live,Bird,True,Feathers,0.0
Platypus,Land,False,Live,Bird,True,Scales,0.0
Platypus,Land,False,Live,Bird,False,Fur,0.0
Platypus,Land,False,Live,Bird,False,Feathers,0.0
Platypus,Land,False,Live,Bird,False,Scales,0.0
Platypus,Land,False,Live,Mammal,True,Fur,0.0
Platypus,Land,False,Live,Mammal,True,Feathers,0.0
Platypus,Land,False,Live,Mammal,True,Scales,0.0
Platypus,Land,False,Live,Mammal,False,Fur,0.0
Platypus,Land,False,Live,Mammal,False,Feathers,0.0
Platypus,Land,False,Live,Mammal,False,Scales,0.0
Platypus,Land,False,Live,Reptile,True,Fur,0.0
Platypus,Land,False,Live,Reptile,True,Feathers,0.0
Platypus,Land,False,Live,Reptile,True,Scales,0.0
Platypus,Land,False,Live,Reptile,False,Fur,0.0
Platypus,Land,False,Live,Reptile,False,Feathers,0.0
Platypus,Land,False,Live,Reptile,False,Scales,0.0
Platypus,Land,False,Eggs,Bird,True,Fur,0.0
Platypus,Land,False,Eggs,Bird,True,Feathers,0.0
Platypus,Land,False,Eggs,Bird,True,Scales,0.0
Platypus,Land,False,Eggs,Bird,False,Fur,0.0
Platypus,Land,False,Eggs,Bird,False,Feathers,0.0
Platypus,Land,False,Eggs,Bird,False,Scales,0.0
Platypus,Land,False,Eggs,Mammal,True,Fur,0.0
Platypus,Land,False,Eggs,Mammal,True,Feathers,0.0
Platypus,Land,False,Eggs,Mammal,True,Scales,0.0
Platypus,Land,False,Eggs,Mammal,False,Fur,0.0
Platypus,Land,False,Eggs,Mammal,False,Feathers,0.0
Platypus,Land,False,Eggs,Mammal,False,Scales,0.0
Platypus,Land,False,Eggs,Reptile,True,Fur,0.0
Platypus,Land,False,Eggs,Reptile,True,Feathers,0.0
Platypus,Land,False,Eggs,Reptile,True,Scales,0.0
Platypus,Land,False,Eggs,Reptile,False,Fur,0.0
Platypus,Land,False,Eggs,Reptile,False,Feathers,0.0
Platypus,Land,False,Eggs,Reptile,False,Scales,0.0
Platypus,Water,True,Live,Bird,True,Fur,0.0
Platypus,Water,True,Live,Bird,True,Feathers,0.0
Platypus,Water,True,Live,Bird,True,Scales,0.0
Platypus,Water,True,Live,Bird,False,Fur,0.0
Platypus,Water,True,Live,Bird,False,Feathers,0.0
Platypus,Water,True,Live,Bird,False,Scales,0.0
Platypus,Water,True,Live,Mammal,True,Fur,0.0
Platypus,Water,True,Live,Mammal,True,Feathers,0.0
Platypus,Water,True,Live,Mammal,True,Scales,0.0
Platypus,Water,True,Live,Mammal,False,Fur,0.0
Platypus,Water,True,Live,Mammal,False,Feathers,0.0
Platypus,Water,True,Live,Mammal,False,Scales,0.0
Platypus,Water,True,Live,Reptile,True,Fur,0.0
Platypus,Water,True,Live,Reptile,True,Feathers,0.0
Platypus,Water,True,Live,Reptile,True,Scales,0.0
Platypus,Water,True,Live,Reptile,False,Fur,0.0
Platypus,Water,True,Live,Reptile,False,Feathers,0.0
Platypus,Water,True,Live,Reptile,False,Scales,0.0
Platypus,Water,True,Eggs,Bird,True,Fur,0.0
Platypus,Water,True,Eggs,Bird,True,Feathers,0.0
Platypus,Water,True,Eggs,Bird,True,Scales,0.0
Platypus,Water,True,Eggs,Bird,False,Fur,0.0
Platypus,Water,True,Eggs,Bird,False,Feathers,0.0
Platypus,Water,True,Eggs,Bird,False,Scales,0.0
Platypus,Water,True,Eggs,Mammal,True,Fur,0.0
Platypus,Water,True,Eggs,Mammal,True,Feathers,0.0
Platypus,Water,True,Eggs,Mammal,True,Scales,0.0
Platypus,Water,True,Eggs,Mammal,False,Fur,0.0
Platypus,Water,True,Eggs,Mammal,False,Feathers,0.0
Platypus,Water,True,Eggs,Mammal,False,Scales,0.0
Platypus,Water,True,Eggs,Reptile,True,Fur,0.0
Platypus,Water,True,Eggs,Reptile,True,Feathers,0.0
Platypus,Water,True,Eggs,Reptile,True,Scales,0.0
Platypus,Water,True,Eggs,Reptile,False,Fur,0.0
Platypus,Water,True,Eggs,Reptile,False,Feathers,0.0
Platypus,Water,True,Eggs,Reptile,False,Scales,0.0
Platypus,Water,False,Live,Bird,True,Fur,0.0
Platypus,Water,False,Live,Bird,True,Feathers,0.0
Platypus,Water,False,Live,Bird,True,Scales,0.0
Platypus,Water,False,Live,Bird,False,Fur,0.0
Platypus,Water,False,Live,Bird,False,Feathers,0.0
Platypus,Water,False,Live,Bird,False,Scales,0.0
Platypus,Water,False,Live,Mammal,True,Fur,0.0
Platypus,Water,False,Live,Mammal,True,Feathers,0.0
Platypus,Water,False,Live,Mammal,True,Scales,0.0
Platypus,Water,False,Live,Mammal,False,Fur,0.0
Platypus,Water,False,Live,Mammal,False,Feathers,0.0
Platypus,Water,False,Live,Mammal,False,Scales,0.0
Platypus,Water,False,Live,Reptile,True,Fur,0.0
Platypus,Water,False,Live,Reptile,True,Feathers,0.0
Platypus,Water,False,Live,Reptile,True,Scales,0.0
Platypus,Water,False,Live,Reptile,False,Fur,0.0
Platypus,Water,False,Live,Reptile,False,Feathers,0.0
Platypus,Water,False,Live,Reptile,False,Scales,0.0
Platypus,Water,False,Eggs,Bird,True,Fur,0.0
Platypus,Water,False,Eggs,Bird,True,Feathers,0.0
Platypus,Water,False,Eggs,Bird,True,Scales,0.0
Platypus,Water,False,Eggs,Bird,False,Fur,0.0
Platypus,Water,False,Eggs,Bird,False,Feathers,0.0
Platypus,Water,False,Eggs,Bird,False,Scales,0.0
Platypus,Water,False,Eggs,Mammal,True,Fur,0.2
Platypus,Water,False,Eggs,Mammal,True,Feathers,0.0
Platypus,Water,False,Eggs,Mammal,True,Scales,0.0
Platypus,Water,False,Eggs,Mammal,False,Fur,0.0
Platypus,Water,False,Eggs,Mammal,False,Feathers,0.0
Platypus,Water,False,Eggs,Mammal,False,Scales,0.0
Platypus,Water,False,Eggs,Reptile,True,Fur,0.0
Platypus,Water,False,Eggs,Reptile,True,Feathers,0.0
Platypus,Water,False,Eggs,Reptile,True,Scales,0.0
Platypus,Water,False,Eggs,Reptile,False,Fur,0.0
Platypus,Water,False,Eggs,Reptile,False,Feathers,0.0
Platypus,Water,False,Eggs,Reptile,False,Scales,0.0
Robin,Air,True,Live,Bird,True,Fur,0.0
Robin,Air,True,Live,Bird,True,Feathers,0.0
Robin,Air,True,Live,Bird,True,Scales,0.0
Robin,Air,True,Live,Bird,False,Fur,0.0
Robin,Air,True,Live,Bird,False,Feathers,0.0
Robin,Air,True,Live,Bird,False,Scales,0.0
Robin,Air,True,Live,Mammal,True,Fur,0.0
Robin,Air,True,Live,Mammal,True,Feathers,0.0
Robin,Air,True,Live,Mammal,True,Scales,0.0
Robin,Air,True,Live,Mammal,False,Fur,0.0
Robin,Air,True,Live,Mammal,False,Feathers,0.0
Robin,Air,True,Live,Mammal,False,Scales,0.0
Robin,Air,True,Live,Reptile,True,Fur,0.0
Robin,Air,True,Live,Reptile,True,Feathers,0.0
Robin,Air,True,Live,Reptile,True,Scales,0.0
Robin,Air,True,Live,Reptile,False,Fur,0.0
Robin,Air,True,Live,Reptile,False,Feathers,0.0
Robin,Air,True,Live,Reptile,False,Scales,0.0
Robin,Air,True,Eggs,Bird,True,Fur,0.0
Robin,Air,True,Eggs,Bird,True,Feathers,0.0
Robin,Air,True,Eggs,Bird,True,Scales,0.0
Robin,Air,True,Eggs,Bird,False,Fur,0.0
Robin,Air,True,Eggs,Bird,False,Feathers,0.0
Robin,Air,True,Eggs,Bird,False,Scales,0.0
Robin,Air,True,Eggs,Mammal,True,Fur,0.0
Robin,Air,True,Eggs,Mammal,True,Feathers,0.0
Robin,Air,True,Eggs,Mammal,True,Scales,0.0
Robin,Air,True,Eggs,Mammal,False,Fur,0.0
Robin,Air,True,Eggs,Mammal,False,Feathers,0.0
Robin,Air,True,Eggs,Mammal,False,Scales,0.0
Robin,Air,True,Eggs,Reptile,True,Fur,0.0
Robin,Air,True,Eggs,Reptile,True,Feathers,0.0
Robin,Air,True,Eggs,Reptile,True,Scales,0.0
Robin,Air,True,Eggs,Reptile,False,Fur,0.0
Robin,Air,True,Eggs,Reptile,False,Feathers,0.0
Robin,Air,True,Eggs,Reptile,False,Scales,0.0
Robin,Air,False,Live,Bird,True,Fur,0.0
Robin,Air,False,Live,Bird,True,Feathers,0.0
Robin,Air,False,Live,Bird,True,Scales,0.0
Robin,Air,False,Live,Bird,False,Fur,0.0
Robin,Air,False,Live,Bird,False,Feathers,0.0
Robin,Air,False,Live,Bird,False,Scales,0.0
Robin,Air,False,Live,Mammal,True,Fur,0.0
Robin,Air,False,Live,Mammal,True,Feathers,0.0
Robin,Air,False,Live,Mammal,True,Scales,0.0
Robin,Air,False,Live,Mammal,False,Fur,0.0
Robin,Air,False,Live,Mammal,False,Feathers,0.0
Robin,Air,False,Live,Mammal,False,Scales,0.0
Robin,Air,False,Live,Reptile,True,Fur,0.0
Robin,Air,False,Live,Reptile,True,Feathers,0.0
Robin,Air,False,Live,Reptile,True,Scales,0.0
Robin,Air,False,Live,Reptile,False,Fur,0.0
Robin,Air,False,Live,Reptile,False,Feathers,0.0
Robin,Air,False,Live,Reptile,False,Scales,0.0
Robin,Air,False,Eggs,Bird,True,Fur,0.0
Robin,Air,False,Eggs,Bird,True,Feathers,0.1
Robin,Air,False,Eggs,Bird,True,Scales,0.0
Robin,Air,False,Eggs,Bird,False,Fur,0.0
Robin,Air,False,Eggs,Bird,False,Feathers,0.0
Robin,Air,False,Eggs,Bird,False,Scales,0.0
Robin,Air,False,Eggs,Mammal,True,Fur,0.0
Robin,Air,False,Eggs,Mammal,True,Feathers,0.0
Robin,Air,False,Eggs,Mammal,True,Scales,0.0
Robin,Air,False,Eggs,Mammal,False,Fur,0.0
Robin,Air,False,Eggs,Mammal,False,Feathers,0.0
Robin,Air,False,Eggs,Mammal,False,Scales,0.0
Robin,Air,False,Eggs,Reptile,True,Fur,0.0
Robin,Air,False,Eggs,Reptile,True,Feathers,0.0
Robin,Air,False,Eggs,Reptile,True,Scales,0.0
Robin,Air,False,Eggs,Reptile,False,Fur,0.0
Robin,Air,False,Eggs,Reptile,False,Feathers,0.0
Robin,Air,False,Eggs,Reptile,False,Scales,0.0
Robin,Land,True,Live,Bird,True,Fur,0.0
Robin,Land,True,Live,Bird,True,Feathers,0.0
Robin,Land,True,Live,Bird,True,Scales,0.0
Robin,Land,True,Live,Bird,False,Fur,0.0
Robin,Land,True,Live,Bird,False,Feathers,0.0
Robin,Land,True,Live,Bird,False,Scales,0.0
Robin,Land,True,Live,Mammal,True,Fur,0.0
Robin,Land,True,Live,Mammal,True,Feathers,0.0
Robin,Land,True,Live,Mammal,True,Scales,0.0
Robin,Land,True,Live,Mammal,False,Fur,0.0
Robin,Land,True,Live,Mammal,False,Feathers,0.0
Robin,Land,True,Live,Mammal,False,Scales,0.0
Robin,Land,True,Live,Reptile,True,Fur,0.0
Robin,Land,True,Live,Reptile,True,Feathers,0.0
Robin,Land,True,Live,Reptile,True,Scales,0.0
Robin,Land,True,Live,Reptile,False,Fur,0.0
Robin,Land,True,Live,Reptile,False,Feathers,0.0
Robin,Land,True,Live,Reptile,False,Scales,0.0
Robin,Land,True,Eggs,Bird,True,Fur,0.0
Robin,Land,True,Eggs,Bird,True,Feathers,0.0
Robin,Land,True,Eggs,Bird,True,Scales,0.0
Robin,Land,True,Eggs,Bird,False,Fur,0.0
Robin,Land,True,Eggs,Bird,False,Feathers,0.0
Robin,Land,True,Eggs,Bird,False,Scales,0.0
Robin,Land,True,Eggs,Mammal,True,Fur,0.0
Robin,Land,True,Eggs,Mammal,True,Feathers,0.0
Robin,Land,True,Eggs,Mammal,True,Scales,0.0
Robin,Land,True,Eggs,Mammal,False,Fur,0.0
Robin,Land,True,Eggs,Mammal,False,Feathers,0.0
Robin,Land,True,Eggs,Mammal,False,Scales,0.0
Robin,Land,True,Eggs,Reptile,True,Fur,0.0
Robin,Land,True,Eggs,Reptile,True,Feathers,0.0
Robin,Land,True,Eggs,Reptile,True,Scales,0.0
Robin,Land,True,Eggs,Reptile,False,Fur,0.0
Robin,Land,True,Eggs,Reptile,False,Feathers,0.0
Robin,Land,True,Eggs,Reptile,False,Scales,0.0
Robin,Land,False,Live,Bird,True,Fur,0.0
Robin,Land,False,Live,Bird,True,Feathers,0.0
Robin,Land,False,Live,Bird,True,Scales,0.0
Robin,Land,False,Live,Bird,False,Fur,0.0
Robin,Land,False,Live,Bird,False,Feathers,0.0
Robin,Land,False,Live,Bird,False,Scales,0.0
Robin,Land,False,Live,Mammal,True,Fur,0.0
Robin,Land,False,Live,Mammal,True,Feathers,0.0
Robin,Land,False,Live,Mammal,True,Scales,0.0
Robin,Land,False,Live,Mammal,False,Fur,0.0
Robin,Land,False,Live,Mammal,False,Feathers,0.0
Robin,Land,False,Live,Mammal,False,Scales,0.0
Robin,Land,False,Live,Reptile,True,Fur,0.0
Robin,Land,False,Live,Reptile,True,Feathers,0.0
Robin,Land,False,Live,Reptile,True,Scales,0.0
Robin,Land,False,Live,Reptile,False,Fur,0.0
Robin,Land,False,Live,Reptile,False,Feathers,0.0
Robin,Land,False,Live,Reptile,False,Scales,0.0
Robin,Land,False,Eggs,Bird,True,Fur,0.0
Robin,Land,False,Eggs,Bird,True,Feathers,0.1
Robin,Land,False,Eggs,Bird,True,Scales,0.0
Robin,Land,False,Eggs,Bird,False,Fur,0.0
Robin,Land,False,Eggs,Bird,False,Feathers,0.0
Robin,Land,False,Eggs,Bird,False,Scales,0.0
Robin,Land,False,Eggs,Mammal,True,Fur,0.0
Robin,Land,False,Eggs,Mammal,True,Feathers,0.0
Robin,Land,False,Eggs,Mammal,True,Scales,0.0
Robin,Land,False,Eggs,Mammal,False,Fur,0.0
Robin,Land,False,Eggs,Mammal,False,Feathers,0.0
Robin,Land,False,Eggs,Mammal,False,Scales,0.0
Robin,Land,False,Eggs,Reptile,True,Fur,0.0
Robin,Land,False,Eggs,Reptile,True,Feathers,0.0
Robin,Land,False,Eggs,Reptile,True,Scales,0.0
Robin,Land,False,Eggs,Reptile,False,Fur,0.0
Robin,Land,False,Eggs,Reptile,False,Feathers,0.0
Robin,Land,False,Eggs,Reptile,False,Scales,0.0
Robin,Water,True,Live,Bird,True,Fur,0.0
Robin,Water,True,Live,Bird,True,Feathers,0.0
Robin,Water,True,Live,Bird,True,Scales,0.0
Robin,Water,True,Live,Bird,False,Fur,0.0
Robin,Water,True,Live,Bird,False,Feathers,0.0
Robin,Water,True,Live,Bird,False,Scales,0.0
Robin,Water,True,Live,Mammal,True,Fur,0.0
Robin,Water,True,Live,Mammal,True,Feathers,0.0
Robin,Water,True,Live,Mammal,True,Scales,0.0
Robin,Water,True,Live,Mammal,False,Fur,0.0
Robin,Water,True,Live,Mammal,False,Feathers,0.0
Robin,Water,True,Live,Mammal,False,Scales,0.0
Robin,Water,True,Live,Reptile,True,Fur,0.0
Robin,Water,True,Live,Reptile,True,Feathers,0.0
Robin,Water,True,Live,Reptile,True,Scales,0.0
Robin,Water,True,Live,Reptile,False,Fur,0.0
Robin,Water,True,Live,Reptile,False,Feathers,0.0
Robin,Water,True,Live,Reptile,False,Scales,0.0
Robin,Water,True,Eggs,Bird,True,Fur,0.0
Robin,Water,True,Eggs,Bird,True,Feathers,0.0
Robin,Water,True,Eggs,Bird,True,Scales,0.0
Robin,Water,True,Eggs,Bird,False,Fur,0.0
Robin,Water,True,Eggs,Bird,False,Feathers,0.0
Robin,Water,True,Eggs,Bird,False,Scales,0.0
Robin,Water,True,Eggs,Mammal,True,Fur,0.0
Robin,Water,True,Eggs,Mammal,True,Feathers,0.0
Robin,Water,True,Eggs,Mammal,True,Scales,0.0
Robin,Water,True,Eggs,Mammal,False,Fur,0.0
Robin,Water,True,Eggs,Mammal,False,Feathers,0.0
Robin,Water,True,Eggs,Mammal,False,Scales,0.0
Robin,Water,True,Eggs,Reptile,True,Fur,0.0
Robin,Water,True,Eggs,Reptile,True,Feathers,0.0
Robin,Water,True,Eggs,Reptile,True,Scales,0.0
Robin,Water,True,Eggs,Reptile,False,Fur,0.0
Robin,Water,True,Eggs,Reptile,False,Feathers,0.0
Robin,Water,True,Eggs,Reptile,False,Scales,0.0
Robin,Water,False,Live,Bird,True,Fur,0.0
Robin,Water,False,Live,Bird,True,Feathers,0.0
Robin,Water,False,Live,Bird,True,Scales,0.0
Robin,Water,False,Live,Bird,False,Fur,0.0
Robin,Water,False,Live,Bird,False,Feathers,0.0
Robin,Water,False,Live,Bird,False,Scales,0.0
Robin,Water,False,Live,Mammal,True,Fur,0.0
Robin,Water,False,Live,Mammal,True,Feathers,0.0
Robin,Water,False,Live,Mammal,True,Scales,0.0
Robin,Water,False,Live,Mammal,False,Fur,0.0
Robin,Water,False,Live,Mammal,False,Feathers,0.0
Robin,Water,False,Live,Mammal,False,Scales,0.0
Robin,Water,False,Live,Reptile,True,Fur,0.0
Robin,Water,False,Live,Reptile,True,Feathers,0.0
Robin,Water,False,Live,Reptile,True,Scales,0.0
Robin,Water,False,Live,Reptile,False,Fur,0.0
Robin,Water,False,Live,Reptile,False,Feathers,0.0
Robin,Water,False,Live,Reptile,False,Scales,0.0
Robin,Water,False,Eggs,Bird,True,Fur,0.0
Robin,Water,False,Eggs,Bird,True,Feathers,0.0
Robin,Water,False,Eggs,Bird,True,Scales,0.0
Robin,Water,False,Eggs,Bird,False,Fur,0.0
Robin,Water,False,Eggs,Bird,False,Feathers,0.0
Robin,Water,False,Eggs,Bird,False,Scales,0.0
Robin,Water,False,Eggs,Mammal,True,Fur,0.0
Robin,Water,False,Eggs,Mammal,True,Feathers,0.0
Robin,Water,False,Eggs,Mammal,True,Scales,0.0
Robin,Water,False,Eggs,Mammal,False,Fur,0.0
Robin,Water,False,Eggs,Mammal,False,Feathers,0.0
Robin,Water,False,Eggs,Mammal,False,Scales,0.0
Robin,Water,False,Eggs,Reptile,True,Fur,0.0
Robin,Water,False,Eggs,Reptile,True,Feathers,0.0
Robin,Water,False,Eggs,Reptile,True,Scales,0.0
Robin,Water,False,Eggs,Reptile,False,Fur,0.0
Robin,Water,False,Eggs,Reptile,False,Feathers,0.0
Robin,Water,False,Eggs,Reptile,False,Scales,0.0
Turtle,Air,True,Live,Bird,True,Fur,0.0
Turtle,Air,True,Live,Bird,True,Feathers,0.0
Turtle,Air,True,Live,Bird,True,Scales,0.0
Turtle,Air,True,Live,Bird,False,Fur,0.0
Turtle,Air,True,Live,Bird,False,Feathers,0.0
Turtle,Air,True,Live,Bird,False,Scales,0.0
Turtle,Air,True,Live,Mammal,True,Fur,0.0
Turtle,Air,True,Live,Mammal,True,Feathers,0.0
Turtle,Air,True,Live,Mammal,True,Scales,0.0
Turtle,Air,True,Live,Mammal,False,Fur,0.0
Turtle,Air,True,Live,Mammal,False,Feathers,0.0
Turtle,Air,True,Live,Mammal,False,Scales,0.0
Turtle,Air,True,Live,Reptile,True,Fur,0.0
Turtle,Air,True,Live,Reptile,True,Feathers,0.0
Turtle,Air,True,Live,Reptile,True,Scales,0.0
Turtle,Air,True,Live,Reptile,False,Fur,0.0
Turtle,Air,True,Live,Reptile,False,Feathers,0.0
Turtle,Air,True,Live,Reptile,False,Scales,0.0
Turtle,Air,True,Eggs,Bird,True,Fur,0.0
Turtle,Air,True,Eggs,Bird,True,Feathers,0.0
Turtle,Air,True,Eggs,Bird,True,Scales,0.0
Turtle,Air,True,Eggs,Bird,False,Fur,0.0
Turtle,Air,True,Eggs,Bird,False,Feathers,0.0
Turtle,Air,True,Eggs,Bird,False,Scales,0.0
Turtle,Air,True,Eggs,Mammal,True,Fur,0.0
Turtle,Air,True,Eggs,Mammal,True,Feathers,0.0
Turtle,Air,True,Eggs,Mammal,True,Scales,0.0
Turtle,Air,True,Eggs,Mammal,False,Fur,0.0
Turtle,Air,True,Eggs,Mammal,False,Feathers,0.0
Turtle,Air,True,Eggs,Mammal,False,Scales,0.0
Turtle,Air,True,Eggs,Reptile,True,Fur,0.0
Turtle,Air,True,Eggs,Reptile,True,Feathers,0.0
Turtle,Air,True,Eggs,Reptile,True,Scales,0.0
Turtle,Air,True,Eggs,Reptile,False,Fur,0.0
Turtle,Air,True,Eggs,Reptile,False,Feathers,0.0
Turtle,Air,True,Eggs,Reptile,False,Scales,0.0
Turtle,Air,False,Live,Bird,True,Fur,0.0
Turtle,Air,False,Live,Bird,True,Feathers,0.0
Turtle,Air,False,Live,Bird,True,Scales,0.0
Turtle,Air,False,Live,Bird,False,Fur,0.0
Turtle,Air,False,Live,Bird,False,Feathers,0.0
Turtle,Air,False,Live,Bird,False,Scales,0.0
Turtle,Air,False,Live,Mammal,True,Fur,0.0
Turtle,Air,False,Live,Mammal,True,Feathers,0.0
Turtle,Air,False,Live,Mammal,True,Scales,0.0
Turtle,Air,False,Live,Mammal,False,Fur,0.0
Turtle,Air,False,Live,Mammal,False,Feathers,0.0
Turtle,Air,False,Live,Mammal,False,Scales,0.0
Turtle,Air,False,Live,Reptile,True,Fur,0.0
Turtle,Air,False,Live,Reptile,True,Feathers,0.0
Turtle,Air,False,Live,Reptile,True,Scales,0.0
Turtle,Air,False,Live,Reptile,False,Fur,0.0
Turtle,Air,False,Live,Reptile,False,Feathers,0.0
Turtle,Air,False,Live,Reptile,False,Scales,0.0
Turtle,Air,False,Eggs,Bird,True,Fur,0.0
Turtle,Air,False,Eggs,Bird,True,Feathers,0.0
Turtle,Air,False,Eggs,Bird,True,Scales,0.0
Turtle,Air,False,Eggs,Bird,False,Fur,0.0
Turtle,Air,False,Eggs,Bird,False,Feathers,0.0
Turtle,Air,False,Eggs,Bird,False,Scales,0.0
Turtle,Air,False,Eggs,Mammal,True,Fur,0.0
Turtle,Air,False,Eggs,Mammal,True,Feathers,0.0
Turtle,Air,False,Eggs,Mammal,True,Scales,0.0
Turtle,Air,False,Eggs,Mammal,False,Fur,0.0
Turtle,Air,False,Eggs,Mammal,False,Feathers,0.0
Turtle,Air,False,Eggs,Mammal,False,Scales,0.0
Turtle,Air,False,Eggs,Reptile,True,Fur,0.0
Turtle,Air,False,Eggs,Reptile,True,Feathers,0.0
Turtle,Air,False,Eggs,Reptile,True,Scales,0.0
Turtle,Air,False,Eggs,Reptile,False,Fur,0.0
Turtle,Air,False,Eggs,Reptile,False,Feathers,0.0
Turtle,Air,False,Eggs,Reptile,False,Scales,0.0
Turtle,Land,True,Live,Bird,True,Fur,0.0
Turtle,Land,True,Live,Bird,True,Feathers,0.0
Turtle,Land,True,Live,Bird,True,Scales,0.0
Turtle,Land,True,Live,Bird,False,Fur,0.0
Turtle,Land,True,Live,Bird,False,Feathers,0.0
Turtle,Land,True,Live,Bird,False,Scales,0.0
Turtle,Land,True,Live,Mammal,True,Fur,0.0
Turtle,Land,True,Live,Mammal,True,Feathers,0.0
Turtle,Land,True,Live,Mammal,True,Scales,0.0
Turtle,Land,True,Live,Mammal,False,Fur,0.0
Turtle,Land,True,Live,Mammal,False,Feathers,0.0
Turtle,Land,True,Live,Mammal,False,Scales,0.0
Turtle,Land,True,Live,Reptile,True,Fur,0.0
Turtle,Land,True,Live,Reptile,True,Feathers,0.0
Turtle,Land,True,Live,Reptile,True,Scales,0.0
Turtle,Land,True,Live,Reptile,False,Fur,0.0
Turtle,Land,True,Live,Reptile,False,Feathers,0.0
Turtle,Land,True,Live,Reptile,False,Scales,0.0
Turtle,Land,True,Eggs,Bird,True,Fur,0.0
Turtle,Land,True,Eggs,Bird,True,Feathers,0.0
Turtle,Land,True,Eggs,Bird,True,Scales,0.0
Turtle,Land,True,Eggs,Bird,False,Fur,0.0
Turtle,Land,True,Eggs,Bird,False,Feathers,0.0
Turtle,Land,True,Eggs,Bird,False,Scales,0.0
Turtle,Land,True,Eggs,Mammal,True,Fur,0.0
Turtle,Land,True,Eggs,Mammal,True,Feathers,0.0
Turtle,Land,True,Eggs,Mammal,True,Scales,0.0
Turtle,Land,True,Eggs,Mammal,False,Fur,0.0
Turtle,Land,True,Eggs,Mammal,False,Feathers,0.0
Turtle,Land,True,Eggs,Mammal,False,Scales,0.0
Turtle,Land,True,Eggs,Reptile,True,Fur,0.0
Turtle,Land,True,Eggs,Reptile,True,Feathers,0.0
Turtle,Land,True,Eggs,Reptile,True,Scales,0.0
Turtle,Land,True,Eggs,Reptile,False,Fur,0.0
Turtle,Land,True,Eggs,Reptile,False,Feathers,0.0
Turtle,Land,True,Eggs,Reptile,False,Scales,0.1
Turtle,Land,False,Live,Bird,True,Fur,0.0
Turtle,Land,False,Live,Bird,True,Feathers,0.0
Turtle,Land,False,Live,Bird,True,Scales,0.0
Turtle,Land,False,Live,Bird,False,Fur,0.0
Turtle,Land,False,Live,Bird,False,Feathers,0.0
Turtle,Land,False,Live,Bird,False,Scales,0.0
Turtle,Land,False,Live,Mammal,True,Fur,0.0
Turtle,Land,False,Live,Mammal,True,Feathers,0.0
Turtle,Land,False,Live,Mammal,True,Scales,0.0
Turtle,Land,False,Live,Mammal,False,Fur,0.0
Turtle,Land,False,Live,Mammal,False,Feathers,0.0
Turtle,Land,False,Live,Mammal,False,Scales,0.0
Turtle,Land,False,Live,Reptile,True,Fur,0.0
Turtle,Land,False,Live,Reptile,True,Feathers,0.0
Turtle,Land,False,Live,Reptile,True,Scales,0.0
Turtle,Land,False,Live,Reptile,False,Fur,0.0
Turtle,Land,False,Live,Reptile,False,Feathers,0.0
Turtle,Land,False,Live,Reptile,False,Scales,0.0
Turtle,Land,False,Eggs,Bird,True,Fur,0.0
Turtle,Land,False,Eggs,Bird,True,Feathers,0.0
Turtle,Land,False,Eggs,Bird,True,Scales,0.0
Turtle,Land,False,Eggs,Bird,False,Fur,0.0
Turtle,Land,False,Eggs,Bird,False,Feathers,0.0
Turtle,Land,False,Eggs,Bird,False,Scales,0.0
Turtle,Land,False,Eggs,Mammal,True,Fur,0.0
Turtle,Land,False,Eggs,Mammal,True,Feathers,0.0
Turtle,Land,False,Eggs,Mammal,True,Scales,0.0
Turtle,Land,False,Eggs,Mammal,False,Fur,0.0
Turtle,Land,False,Eggs,Mammal,False,Feathers,0.0
Turtle,Land,False,Eggs,Mammal,False,Scales,0.0
Turtle,Land,False,Eggs,Reptile,True,Fur,0.0
Turtle,Land,False,Eggs,Reptile,True,Feathers,0.0
Turtle,Land,False,Eggs,Reptile,True,Scales,0.0
Turtle,Land,False,Eggs,Reptile,False,Fur,0.0
Turtle,Land,False,Eggs,Reptile,False,Feathers,0.0
Turtle,Land,False,Eggs,Reptile,False,Scales,0.0
Turtle,Water,True,Live,Bird,True,Fur,0.0
Turtle,Water,True,Live,Bird,True,Feathers,0.0
Turtle,Water,True,Live,Bird,True,Scales,0.0
Turtle,Water,True,Live,Bird,False,Fur,0.0
Turtle,Water,True,Live,Bird,False,Feathers,0.0
Turtle,Water,True,Live,Bird,False,Scales,0.0
Turtle,Water,True,Live,Mammal,True,Fur,0.0
Turtle,Water,True,Live,Mammal,True,Feathers,0.0
Turtle,Water,True,Live,Mammal,True,Scales,0.0
Turtle,Water,True,Live,Mammal,False,Fur,0.0
Turtle,Water,True,Live,Mammal,False,Feathers,0.0
Turtle,Water,True,Live,Mammal,False,Scales,0.0
Turtle,Water,True,Live,Reptile,True,Fur,0.0
Turtle,Water,True,Live,Reptile,True,Feathers,0.0
Turtle,Water,True,Live,Reptile,True,Scales,0.0
Turtle,Water,True,Live,Reptile,False,Fur,0.0
Turtle,Water,True,Live,Reptile,False,Feathers,0.0
Turtle,Water,True,Live,Reptile,False,Scales,0.0
Turtle,Water,True,Eggs,Bird,True,Fur,0.0
Turtle,Water,True,Eggs,Bird,True,Feathers,0.0
Turtle,Water,True,Eggs,Bird,True,Scales,0.0
Turtle,Water,True,Eggs,Bird,False,Fur,0.0
Turtle,Water,True,Eggs,Bird,False,Feathers,0.0
Turtle,Water,True,Eggs,Bird,False,Scales,0.0
Turtle,Water,True,Eggs,Mammal,True,Fur,0.0
Turtle,Water,True,Eggs,Mammal,True,Feathers,0.0
Turtle,Water,True,Eggs,Mammal,True,Scales,0.0
Turtle,Water,True,Eggs,Mammal,False,Fur,0.0
Turtle,Water,True,Eggs,Mammal,False,Feathers,0.0
Turtle,Water,True,Eggs,Mammal,False,Scales,0.0
Turtle,Water,True,Eggs,Reptile,True,Fur,0.0
Turtle,Water,True,Eggs,Reptile,True,Feathers,0.0
Turtle,Water,True,Eggs,Reptile,True,Scales,0.0
Turtle,Water,True,Eggs,Reptile,False,Fur,0.0
Turtle,Water,True,Eggs,Reptile,False,Feathers,0.0
Turtle,Water,True,Eggs,Reptile,False,Scales,0.1
Turtle,Water,False,Live,Bird,True,Fur,0.0
Turtle,Water,False,Live,Bird,True,Feathers,0.0
Turtle,Water,False,Live,Bird,True,Scales,0.0
Turtle,Water,False,Live,Bird,False,Fur,0.0
Turtle,Water,False,Live,Bird,False,Feathers,0.0
Turtle,Water,False,Live,Bird,False,Scales,0.0
Turtle,Water,False,Live,Mammal,True,Fur,0.0
Turtle,Water,False,Live,Mammal,True,Feathers,0.0
Turtle,Water,False,Live,Mammal,True,Scales,0.0
Turtle,Water,False,Live,Mammal,False,Fur,0.0
Turtle,Water,False,Live,Mammal,False,Feathers,0.0
Turtle,Water,False,Live,Mammal,False,Scales,0.0
Turtle,Water,False,Live,Reptile,True,Fur,0.0
Turtle,Water,False,Live,Reptile,True,Feathers,0.0
Turtle,Water,False,Live,Reptile,True,Scales,0.0
Turtle,Water,False,Live,Reptile,False,Fur,0.0
Turtle,Water,False,Live,Reptile,False,Feathers,0.0
Turtle,Water,False,Live,Reptile,False,Scales,0.0
Turtle,Water,False,Eggs,Bird,True,Fur,0.0
Turtle,Water,False,Eggs,Bird,True,Feathers,0.0
Turtle,Water,False,Eggs,Bird,True,Scales,0.0
Turtle,Water,False,Eggs,Bird,False,Fur,0.0
Turtle,Water,False,Eggs,Bird,False,Feathers,0.0
Turtle,Water,False,Eggs,Bird,False,Scales,0.0
Turtle,Water,False,Eggs,Mammal,True,Fur,0.0
Turtle,Water,False,Eggs,Mammal,True,Feathers,0.0
Turtle,Water,False,Eggs,Mammal,True,Scales,0.0
Turtle,Water,False,Eggs,Mammal,False,Fur,0.0
Turtle,Water,False,Eggs,Mammal,False,Feathers,0.0
Turtle,Water,False,Eggs,Mammal,False,Scales,0.0
Turtle,Water,False,Eggs,Reptile,True,Fur,0.0
Turtle,Water,False,Eggs,Reptile,True,Feathers,0.0
Turtle,Water,False,Eggs,Reptile,True,Scales,0.0
Turtle,Water,False,Eggs,Reptile,False,Fur,0.0
Turtle,Water,False,Eggs,Reptile,False,Feathers,0.0
Turtle,Water,False,Eggs,Reptile,False,Scales,0.0
